[Header],,,
IEMFileVersion,4,,
,,,
[Data],,,
Lane,index,index2,Sample_ID
1,TTACCGAC,CGAATACG,NEB-A01
1,TCGTCTGA,GTCCTTGA,NEB-B01
1,TTCCAGGT,CAGTGCTT,NEB-C01
1,TACGGTCT,TCCATTGC,NEB-D01
1,AAGACCGT,GTCGATTG,NEB-E01
1,CAGGTTCA,ATAACGCC,NEB-F01
1,TAGGAGCT,GCCTTAAC,NEB-G01
1,TACTCCAG,GGTATAGG,NEB-H01
1,AGTGACCT,TCTAGGAG,NEB-A02
1,AGCCTATC,TGCGTAAC,NEB-B02
1,TCATCTCC,CTTGCTAG,NEB-C02
1,CCAGTATC,AGCGAGAT,NEB-D02
1,TTGCGAGA,TATGGCAC,NEB-E02
1,GAACGAAG,GAATCACC,NEB-F02
1,CGAATTGC,GTAAGGTG,NEB-G02
1,GGAAGAGA,CGAGAGAA,NEB-H02
1,TCGGATTC,CGCAACTA,NEB-A03
1,CTGTACCA,CACAGACT,NEB-B03
1,GAGAGTAC,TGGAAGCA,NEB-C03
1,TCTACGCA,CAATAGCC,NEB-D03
1,GCAATTCC,CTCGAACA,NEB-E03
1,CTCAGAAG,GGCAAGTT,NEB-F03
1,GTCCTAAG,AGCTACCA,NEB-G03
1,GCGTTAGA,CAGCATAC,NEB-H03
1,CAAGGTAC,CGTATCTC,NEB-A04
1,AGACCTTG,TTACGTGC,NEB-B04
1,GTCGTTAC,AGCTAAGC,NEB-C04
1,GTAACCGA,AAGACACC,NEB-D04
1,GAATCCGT,CAACTCCA,NEB-E04
1,CATGAGCA,GATCTTGC,NEB-F04
1,CTTAGGAC,CTTCACTG,NEB-G04
1,ATCTGACC,CTCGACTT,NEB-H04
1,TCCTCATG,GTACACCT,NEB-A05
1,AGGATAGC,CCAAGGTT,NEB-B05
1,GGAGGAAT,GAACGGTT,NEB-C05
1,GACGTCAT,CCAGTTGA,NEB-D05
1,CCGCTTAA,GTCATCGT,NEB-E05
1,GACGAACT,CAATGCGA,NEB-F05
1,TCCACGTT,GGTTGAAC,NEB-G05
1,AACCAGAG,CTTCGGTT,NEB-H05
1,GTCAGTCA,CGGCATTA,NEB-A06
1,CCTTCCAT,CACGCAAT,NEB-B06
1,AGGAACAC,GGAATGTC,NEB-C06
1,CTTACAGC,TGGTGAAG,NEB-D06
1,TACCTGCA,GGACATCA,NEB-E06
1,AGACGCTA,GGTGTACA,NEB-F06
1,CAACACAG,GATAGCCA,NEB-G06
1,GTACCACA,CCACAACA,NEB-H06
1,CGAATACG,TTACCGAC,NEB-A07
1,GTCCTTGA,TCGTCTGA,NEB-B07
1,CAGTGCTT,TTCCAGGT,NEB-C07
1,TCCATTGC,TACGGTCT,NEB-D07
1,GTCGATTG,AAGACCGT,NEB-E07
1,ATAACGCC,CAGGTTCA,NEB-F07
1,GCCTTAAC,TAGGAGCT,NEB-G07
1,GGTATAGG,TACTCCAG,NEB-H07
1,TCTAGGAG,AGTGACCT,NEB-A08
1,TGCGTAAC,AGCCTATC,NEB-B08
1,CTTGCTAG,TCATCTCC,NEB-C08
1,AGCGAGAT,CCAGTATC,NEB-D08
1,TATGGCAC,TTGCGAGA,NEB-E08
1,GAATCACC,GAACGAAG,NEB-F08
1,GTAAGGTG,CGAATTGC,NEB-G08
1,CGAGAGAA,GGAAGAGA,NEB-H08
1,CGCAACTA,TCGGATTC,NEB-A09
1,CACAGACT,CTGTACCA,NEB-B09
1,TGGAAGCA,GAGAGTAC,NEB-C09
1,CAATAGCC,TCTACGCA,NEB-D09
1,CTCGAACA,GCAATTCC,NEB-E09
1,GGCAAGTT,CTCAGAAG,NEB-F09
1,AGCTACCA,GTCCTAAG,NEB-G09
1,CAGCATAC,GCGTTAGA,NEB-H09
1,CGTATCTC,CAAGGTAC,NEB-A10
1,TTACGTGC,AGACCTTG,NEB-B10
1,AGCTAAGC,GTCGTTAC,NEB-C10
1,AAGACACC,GTAACCGA,NEB-D10
1,CAACTCCA,GAATCCGT,NEB-E10
1,GATCTTGC,CATGAGCA,NEB-F10
1,CTTCACTG,CTTAGGAC,NEB-G10
1,CTCGACTT,ATCTGACC,NEB-H10
1,GTACACCT,TCCTCATG,NEB-A11
1,CCAAGGTT,AGGATAGC,NEB-B11
1,GAACGGTT,GGAGGAAT,NEB-C11
1,CCAGTTGA,GACGTCAT,NEB-D11
1,GTCATCGT,CCGCTTAA,NEB-E11
1,CAATGCGA,GACGAACT,NEB-F11
1,GGTTGAAC,TCCACGTT,NEB-G11
1,CTTCGGTT,AACCAGAG,NEB-H11
1,CGGCATTA,GTCAGTCA,NEB-A12
1,CACGCAAT,CCTTCCAT,NEB-B12
1,GGAATGTC,AGGAACAC,NEB-C12
1,TGGTGAAG,CTTACAGC,NEB-D12
1,GGACATCA,TACCTGCA,NEB-E12
1,GGTGTACA,AGACGCTA,NEB-F12
1,GATAGCCA,CAACACAG,NEB-G12
1,CCACAACA,GTACCACA,NEB-H12
1,TGGATCGA,ACCTAGCT,ROCHE-A01
1,CAAGCTAG,GTTCGATC,ROCHE-B01
1,GTACCAAG,CATGGTTC,ROCHE-C01
1,ACGTTGGA,TGCAACCT,ROCHE-D01
1,TCGTGGTA,AGCACCAT,ROCHE-E01
1,CTACAACG,GATGTTGC,ROCHE-F01
1,GTTCAAGG,CAAGTTCC,ROCHE-G01
1,ACCTGGAA,TGGACCTT,ROCHE-H01
1,TCTTAGCG,AGAATCGC,ROCHE-A02
1,CTCCGATA,GAGGCTAT,ROCHE-B02
1,GTCCTACT,CAGGATGA,ROCHE-C02
1,ACTTCGTC,TGAAGCAG,ROCHE-D02
1,TCTACAGG,AGATGTCC,ROCHE-E02
1,CTCGTGAA,GAGCACTT,ROCHE-F02
1,GTTCGGAT,CAAGCCTA,ROCHE-G02
1,ACCTAAGC,TGGATTCG,ROCHE-H02
1,GTTGACTG,CAACTGAC,ROCHE-A03
1,ACCAGTCA,TGGTCAGT,ROCHE-B03
1,TACCGGAA,ATGGCCTT,ROCHE-C03
1,CGTTAAGG,GCAATTCC,ROCHE-D03
1,GCTATGTC,CGATACAG,ROCHE-E03
1,ATCGCACT,TAGCGTGA,ROCHE-F03
1,GCACTTCT,CGTGAAGA,ROCHE-G03
1,ATGTCCTC,TACAGGAG,ROCHE-H03
1,GGATGATC,CCTACTAG,ROCHE-A04
1,AAGCAGCT,TTCGTCGA,ROCHE-B04
1,TGCTATCG,ACGATAGC,ROCHE-C04
1,CATCGCTA,GTAGCGAT,ROCHE-D04
1,TCCTGAGT,AGGACTCA,ROCHE-E04
1,CTTCAGAC,GAAGTCTG,ROCHE-F04
1,GATCCTTC,CTAGGAAG,ROCHE-G04
1,AGCTTCCT,TCGAAGGA,ROCHE-H04
1,TAGGCAAC,ATCCGTTG,ROCHE-A05
1,CGAATGGT,GCTTACCA,ROCHE-B05
1,TCACCAGA,AGTGGTCT,ROCHE-C05
1,CTGTTGAG,GACAACTC,ROCHE-D05
1,TCAGCTCA,AGTCGAGT,ROCHE-E05
1,CTGATCTG,GACTAGAC,ROCHE-F05
1,GATGGAAC,CTACCTTG,ROCHE-G05
1,AGCAAGGT,TCGTTCCA,ROCHE-H05
1,TGTCAGCT,ACAGTCGA,ROCHE-A06
1,CACTGATC,GTGACTAG,ROCHE-B06
1,GTTACGTG,CAATGCAC,ROCHE-C06
1,ACCGTACA,TGGCATGT,ROCHE-D06
1,GCAACGTA,CGTTGCAT,ROCHE-E06
1,ATGGTACG,TACCATGC,ROCHE-F06
1,GTGACAGT,CACTGTCA,ROCHE-G06
1,ACAGTGAC,TGTCACTG,ROCHE-H06
1,GATTGGTC,CTAACCAG,ROCHE-A07
1,AGCCAACT,TCGGTTGA,ROCHE-B07
1,GCATCTTG,CGTAGAAC,ROCHE-C07
1,ATGCTCCA,TACGAGGT,ROCHE-D07
1,GTCTTCAG,CAGAAGTC,ROCHE-E07
1,ACTCCTGA,TGAGGACT,ROCHE-F07
1,GCATTCGT,CGTAAGCA,ROCHE-G07
1,ATGCCTAC,TACGGATG,ROCHE-H07
1,GAGTCATG,CTCAGTAC,ROCHE-A08
1,AGACTGCA,TCTGACGT,ROCHE-B08
1,GGAACTGA,CCTTGACT,ROCHE-C08
1,AAGGTCAG,TTCCAGTC,ROCHE-D08
1,GTGTATCG,CACATAGC,ROCHE-E08
1,ACACGCTA,TGTGCGAT,ROCHE-F08
1,TCGACGAA,AGCTGCTT,ROCHE-G08
1,CTAGTAGG,GATCATCC,ROCHE-H08
1,GTGTCTGA,CACAGACT,ROCHE-A09
1,ACACTCAG,TGTGAGTC,ROCHE-B09
1,GCCTTATC,CGGAATAG,ROCHE-C09
1,ATTCCGCT,TAAGGCGA,ROCHE-D09
1,TGATCGGT,ACTAGCCA,ROCHE-E09
1,CAGCTAAC,GTCGATTG,ROCHE-F09
1,GAACATGG,CTTGTACC,ROCHE-G09
1,AGGTGCAA,TCCACGTT,ROCHE-H09
1,GGTGACAA,CCACTGTT,ROCHE-A10
1,AACAGTGG,TTGTCACC,ROCHE-B10
1,TGCACTTC,ACGTGAAG,ROCHE-C10
1,CATGTCCT,GTACAGGA,ROCHE-D10
1,GTACAGCT,CATGTCGA,ROCHE-E10
1,ACGTGATC,TGCACTAG,ROCHE-F10
1,TGTTGCAG,ACAACGTC,ROCHE-G10
1,CACCATGA,GTGGTACT,ROCHE-H10
1,TATGCGTG,ATACGCAC,ROCHE-A11
1,CGCATACA,GCGTATGT,ROCHE-B11
1,TCCTCTGA,AGGAGACT,ROCHE-C11
1,CTTCTCAG,GAAGAGTC,ROCHE-D11
1,TCAGGCAA,AGTCCGTT,ROCHE-E11
1,CTGAATGG,GACTTACC,ROCHE-F11
1,GGTAGCTA,CCATCGAT,ROCHE-G11
1,AACGATCG,TTGCTAGC,ROCHE-H11
1,TGTATGGC,ACATACCG,ROCHE-A12
1,CACGCAAT,GTGCGTTA,ROCHE-B12
1,GTTCGTGA,CAAGCACT,ROCHE-C12
1,ACCTACAG,TGGATGTC,ROCHE-D12
1,GACCTAAG,CTGGATTC,ROCHE-E12
1,AGTTCGGA,TCAAGCCT,ROCHE-F12
1,GTGCTTAG,CACGAATC,ROCHE-G12
1,ACATCCGA,TGTAGGCT,ROCHE-H12
2,TTACCGAC,CGAATACG,NEB-A01
2,TCGTCTGA,GTCCTTGA,NEB-B01
2,TTCCAGGT,CAGTGCTT,NEB-C01
2,TACGGTCT,TCCATTGC,NEB-D01
2,AAGACCGT,GTCGATTG,NEB-E01
2,CAGGTTCA,ATAACGCC,NEB-F01
2,TAGGAGCT,GCCTTAAC,NEB-G01
2,TACTCCAG,GGTATAGG,NEB-H01
2,AGTGACCT,TCTAGGAG,NEB-A02
2,AGCCTATC,TGCGTAAC,NEB-B02
2,TCATCTCC,CTTGCTAG,NEB-C02
2,CCAGTATC,AGCGAGAT,NEB-D02
2,TTGCGAGA,TATGGCAC,NEB-E02
2,GAACGAAG,GAATCACC,NEB-F02
2,CGAATTGC,GTAAGGTG,NEB-G02
2,GGAAGAGA,CGAGAGAA,NEB-H02
2,TCGGATTC,CGCAACTA,NEB-A03
2,CTGTACCA,CACAGACT,NEB-B03
2,GAGAGTAC,TGGAAGCA,NEB-C03
2,TCTACGCA,CAATAGCC,NEB-D03
2,GCAATTCC,CTCGAACA,NEB-E03
2,CTCAGAAG,GGCAAGTT,NEB-F03
2,GTCCTAAG,AGCTACCA,NEB-G03
2,GCGTTAGA,CAGCATAC,NEB-H03
2,CAAGGTAC,CGTATCTC,NEB-A04
2,AGACCTTG,TTACGTGC,NEB-B04
2,GTCGTTAC,AGCTAAGC,NEB-C04
2,GTAACCGA,AAGACACC,NEB-D04
2,GAATCCGT,CAACTCCA,NEB-E04
2,CATGAGCA,GATCTTGC,NEB-F04
2,CTTAGGAC,CTTCACTG,NEB-G04
2,ATCTGACC,CTCGACTT,NEB-H04
2,TCCTCATG,GTACACCT,NEB-A05
2,AGGATAGC,CCAAGGTT,NEB-B05
2,GGAGGAAT,GAACGGTT,NEB-C05
2,GACGTCAT,CCAGTTGA,NEB-D05
2,CCGCTTAA,GTCATCGT,NEB-E05
2,GACGAACT,CAATGCGA,NEB-F05
2,TCCACGTT,GGTTGAAC,NEB-G05
2,AACCAGAG,CTTCGGTT,NEB-H05
2,GTCAGTCA,CGGCATTA,NEB-A06
2,CCTTCCAT,CACGCAAT,NEB-B06
2,AGGAACAC,GGAATGTC,NEB-C06
2,CTTACAGC,TGGTGAAG,NEB-D06
2,TACCTGCA,GGACATCA,NEB-E06
2,AGACGCTA,GGTGTACA,NEB-F06
2,CAACACAG,GATAGCCA,NEB-G06
2,GTACCACA,CCACAACA,NEB-H06
2,CGAATACG,TTACCGAC,NEB-A07
2,GTCCTTGA,TCGTCTGA,NEB-B07
2,CAGTGCTT,TTCCAGGT,NEB-C07
2,TCCATTGC,TACGGTCT,NEB-D07
2,GTCGATTG,AAGACCGT,NEB-E07
2,ATAACGCC,CAGGTTCA,NEB-F07
2,GCCTTAAC,TAGGAGCT,NEB-G07
2,GGTATAGG,TACTCCAG,NEB-H07
2,TCTAGGAG,AGTGACCT,NEB-A08
2,TGCGTAAC,AGCCTATC,NEB-B08
2,CTTGCTAG,TCATCTCC,NEB-C08
2,AGCGAGAT,CCAGTATC,NEB-D08
2,TATGGCAC,TTGCGAGA,NEB-E08
2,GAATCACC,GAACGAAG,NEB-F08
2,GTAAGGTG,CGAATTGC,NEB-G08
2,CGAGAGAA,GGAAGAGA,NEB-H08
2,CGCAACTA,TCGGATTC,NEB-A09
2,CACAGACT,CTGTACCA,NEB-B09
2,TGGAAGCA,GAGAGTAC,NEB-C09
2,CAATAGCC,TCTACGCA,NEB-D09
2,CTCGAACA,GCAATTCC,NEB-E09
2,GGCAAGTT,CTCAGAAG,NEB-F09
2,AGCTACCA,GTCCTAAG,NEB-G09
2,CAGCATAC,GCGTTAGA,NEB-H09
2,CGTATCTC,CAAGGTAC,NEB-A10
2,TTACGTGC,AGACCTTG,NEB-B10
2,AGCTAAGC,GTCGTTAC,NEB-C10
2,AAGACACC,GTAACCGA,NEB-D10
2,CAACTCCA,GAATCCGT,NEB-E10
2,GATCTTGC,CATGAGCA,NEB-F10
2,CTTCACTG,CTTAGGAC,NEB-G10
2,CTCGACTT,ATCTGACC,NEB-H10
2,GTACACCT,TCCTCATG,NEB-A11
2,CCAAGGTT,AGGATAGC,NEB-B11
2,GAACGGTT,GGAGGAAT,NEB-C11
2,CCAGTTGA,GACGTCAT,NEB-D11
2,GTCATCGT,CCGCTTAA,NEB-E11
2,CAATGCGA,GACGAACT,NEB-F11
2,GGTTGAAC,TCCACGTT,NEB-G11
2,CTTCGGTT,AACCAGAG,NEB-H11
2,CGGCATTA,GTCAGTCA,NEB-A12
2,CACGCAAT,CCTTCCAT,NEB-B12
2,GGAATGTC,AGGAACAC,NEB-C12
2,TGGTGAAG,CTTACAGC,NEB-D12
2,GGACATCA,TACCTGCA,NEB-E12
2,GGTGTACA,AGACGCTA,NEB-F12
2,GATAGCCA,CAACACAG,NEB-G12
2,CCACAACA,GTACCACA,NEB-H12
2,TGGATCGA,ACCTAGCT,ROCHE-A01
2,CAAGCTAG,GTTCGATC,ROCHE-B01
2,GTACCAAG,CATGGTTC,ROCHE-C01
2,ACGTTGGA,TGCAACCT,ROCHE-D01
2,TCGTGGTA,AGCACCAT,ROCHE-E01
2,CTACAACG,GATGTTGC,ROCHE-F01
2,GTTCAAGG,CAAGTTCC,ROCHE-G01
2,ACCTGGAA,TGGACCTT,ROCHE-H01
2,TCTTAGCG,AGAATCGC,ROCHE-A02
2,CTCCGATA,GAGGCTAT,ROCHE-B02
2,GTCCTACT,CAGGATGA,ROCHE-C02
2,ACTTCGTC,TGAAGCAG,ROCHE-D02
2,TCTACAGG,AGATGTCC,ROCHE-E02
2,CTCGTGAA,GAGCACTT,ROCHE-F02
2,GTTCGGAT,CAAGCCTA,ROCHE-G02
2,ACCTAAGC,TGGATTCG,ROCHE-H02
2,GTTGACTG,CAACTGAC,ROCHE-A03
2,ACCAGTCA,TGGTCAGT,ROCHE-B03
2,TACCGGAA,ATGGCCTT,ROCHE-C03
2,CGTTAAGG,GCAATTCC,ROCHE-D03
2,GCTATGTC,CGATACAG,ROCHE-E03
2,ATCGCACT,TAGCGTGA,ROCHE-F03
2,GCACTTCT,CGTGAAGA,ROCHE-G03
2,ATGTCCTC,TACAGGAG,ROCHE-H03
2,GGATGATC,CCTACTAG,ROCHE-A04
2,AAGCAGCT,TTCGTCGA,ROCHE-B04
2,TGCTATCG,ACGATAGC,ROCHE-C04
2,CATCGCTA,GTAGCGAT,ROCHE-D04
2,TCCTGAGT,AGGACTCA,ROCHE-E04
2,CTTCAGAC,GAAGTCTG,ROCHE-F04
2,GATCCTTC,CTAGGAAG,ROCHE-G04
2,AGCTTCCT,TCGAAGGA,ROCHE-H04
2,TAGGCAAC,ATCCGTTG,ROCHE-A05
2,CGAATGGT,GCTTACCA,ROCHE-B05
2,TCACCAGA,AGTGGTCT,ROCHE-C05
2,CTGTTGAG,GACAACTC,ROCHE-D05
2,TCAGCTCA,AGTCGAGT,ROCHE-E05
2,CTGATCTG,GACTAGAC,ROCHE-F05
2,GATGGAAC,CTACCTTG,ROCHE-G05
2,AGCAAGGT,TCGTTCCA,ROCHE-H05
2,TGTCAGCT,ACAGTCGA,ROCHE-A06
2,CACTGATC,GTGACTAG,ROCHE-B06
2,GTTACGTG,CAATGCAC,ROCHE-C06
2,ACCGTACA,TGGCATGT,ROCHE-D06
2,GCAACGTA,CGTTGCAT,ROCHE-E06
2,ATGGTACG,TACCATGC,ROCHE-F06
2,GTGACAGT,CACTGTCA,ROCHE-G06
2,ACAGTGAC,TGTCACTG,ROCHE-H06
2,GATTGGTC,CTAACCAG,ROCHE-A07
2,AGCCAACT,TCGGTTGA,ROCHE-B07
2,GCATCTTG,CGTAGAAC,ROCHE-C07
2,ATGCTCCA,TACGAGGT,ROCHE-D07
2,GTCTTCAG,CAGAAGTC,ROCHE-E07
2,ACTCCTGA,TGAGGACT,ROCHE-F07
2,GCATTCGT,CGTAAGCA,ROCHE-G07
2,ATGCCTAC,TACGGATG,ROCHE-H07
2,GAGTCATG,CTCAGTAC,ROCHE-A08
2,AGACTGCA,TCTGACGT,ROCHE-B08
2,GGAACTGA,CCTTGACT,ROCHE-C08
2,AAGGTCAG,TTCCAGTC,ROCHE-D08
2,GTGTATCG,CACATAGC,ROCHE-E08
2,ACACGCTA,TGTGCGAT,ROCHE-F08
2,TCGACGAA,AGCTGCTT,ROCHE-G08
2,CTAGTAGG,GATCATCC,ROCHE-H08
2,GTGTCTGA,CACAGACT,ROCHE-A09
2,ACACTCAG,TGTGAGTC,ROCHE-B09
2,GCCTTATC,CGGAATAG,ROCHE-C09
2,ATTCCGCT,TAAGGCGA,ROCHE-D09
2,TGATCGGT,ACTAGCCA,ROCHE-E09
2,CAGCTAAC,GTCGATTG,ROCHE-F09
2,GAACATGG,CTTGTACC,ROCHE-G09
2,AGGTGCAA,TCCACGTT,ROCHE-H09
2,GGTGACAA,CCACTGTT,ROCHE-A10
2,AACAGTGG,TTGTCACC,ROCHE-B10
2,TGCACTTC,ACGTGAAG,ROCHE-C10
2,CATGTCCT,GTACAGGA,ROCHE-D10
2,GTACAGCT,CATGTCGA,ROCHE-E10
2,ACGTGATC,TGCACTAG,ROCHE-F10
2,TGTTGCAG,ACAACGTC,ROCHE-G10
2,CACCATGA,GTGGTACT,ROCHE-H10
2,TATGCGTG,ATACGCAC,ROCHE-A11
2,CGCATACA,GCGTATGT,ROCHE-B11
2,TCCTCTGA,AGGAGACT,ROCHE-C11
2,CTTCTCAG,GAAGAGTC,ROCHE-D11
2,TCAGGCAA,AGTCCGTT,ROCHE-E11
2,CTGAATGG,GACTTACC,ROCHE-F11
2,GGTAGCTA,CCATCGAT,ROCHE-G11
2,AACGATCG,TTGCTAGC,ROCHE-H11
2,TGTATGGC,ACATACCG,ROCHE-A12
2,CACGCAAT,GTGCGTTA,ROCHE-B12
2,GTTCGTGA,CAAGCACT,ROCHE-C12
2,ACCTACAG,TGGATGTC,ROCHE-D12
2,GACCTAAG,CTGGATTC,ROCHE-E12
2,AGTTCGGA,TCAAGCCT,ROCHE-F12
2,GTGCTTAG,CACGAATC,ROCHE-G12
2,ACATCCGA,TGTAGGCT,ROCHE-H12
1,CAAGGTGA,ATGGTTAG,SSXT-001
1,TAGACCAA,CAAGGTGA,SSXT-002
1,AGTCGCGA,TAGACCAA,SSXT-003
1,CGGTAGAG,AGTCGCGA,SSXT-004
1,TCAGCATC,AAGGAGCG,SSXT-005
1,AGAAGCAA,TCAGCATC,SSXT-006
1,GCAGGTTC,AGAAGCAA,SSXT-007
1,AAGTGTCT,GCAGGTTC,SSXT-008
1,CTACCGAA,AAGTGTCT,SSXT-009
1,TAGAGCTC,CTACCGAA,SSXT-010
1,ATGTCAAG,TAGAGCTC,SSXT-011
1,GCATCATA,ATGTCAAG,SSXT-012
1,GACTTGAC,GCATCATA,SSXT-013
1,CTACAATG,GACTTGAC,SSXT-014
1,TCTCAGCA,CTACAATG,SSXT-015
1,AGACACAC,TCTCAGCA,SSXT-016
1,CAGGTCTG,AGACACAC,SSXT-017
1,AATACGCG,CAGGTCTG,SSXT-018
1,GCACACAT,AATACGCG,SSXT-019
1,CTTGCATA,GCACACAT,SSXT-020
1,ATCCTCTT,CTTGCATA,SSXT-021
1,GCACCTAA,ATCCTCTT,SSXT-022
1,TGCTGCTC,GCACCTAA,SSXT-023
1,TGGCACCA,TGCTGCTC,SSXT-024
1,AGATGGAT,TGGCACCA,SSXT-025
1,GAATTGTG,AGATGGAT,SSXT-026
1,GAGCACTG,GAATTGTG,SSXT-027
1,GTTGCGGA,GAGCACTG,SSXT-028
1,AATGGAAC,GTTGCGGA,SSXT-029
1,TCAGAGGT,AATGGAAC,SSXT-030
1,GCAACAAT,TCAGAGGT,SSXT-031
1,GTCGATCG,GCAACAAT,SSXT-032
1,ATGGTAGC,GTCGATCG,SSXT-033
1,CGCCAATT,ATGGTAGC,SSXT-034
1,GACAATTG,CGCCAATT,SSXT-035
1,ATATTCCG,GACAATTG,SSXT-036
1,TCTACCTC,ATATTCCG,SSXT-037
1,TCGTCGTG,TCTACCTC,SSXT-038
1,ATGAGAAC,TCGTCGTG,SSXT-039
1,GTCCTATA,ATGAGAAC,SSXT-040
1,AATGACCA,GTCCTATA,SSXT-041
1,CAGACGCT,AATGACCA,SSXT-042
1,TCGAACTG,CAGACGCT,SSXT-043
1,CGCTTCCA,TCGAACTG,SSXT-044
1,TATTCCTG,CGCTTCCA,SSXT-045
1,CAAGTTAC,TATTCCTG,SSXT-046
1,CAGAGCAG,CAAGTTAC,SSXT-047
1,CGCGCAAT,CAGAGCAG,SSXT-048
1,TGAGGAGT,CGCGCAAT,SSXT-049
1,ATGACGAA,TGAGGAGT,SSXT-050
1,TACGGCGA,ATGACGAA,SSXT-051
1,AGCGAGTT,TACGGCGA,SSXT-052
1,TGTATCAC,AGCGAGTT,SSXT-053
1,GATCGCCT,TGTATCAC,SSXT-054
1,GACTCAAT,GATCGCCT,SSXT-055
1,CAGCTTGC,GACTCAAT,SSXT-056
1,AGCTGAAG,CAGCTTGC,SSXT-057
1,ATTCCGTG,AGCTGAAG,SSXT-058
1,TATGCCGC,ATTCCGTG,SSXT-059
1,TCAGCTCA,TATGCCGC,SSXT-060
1,AACTGCAA,TCAGCTCA,SSXT-061
1,ATTAGGAG,AACTGCAA,SSXT-062
1,CAGCAATA,ATTAGGAG,SSXT-063
1,GCCAAGCT,CAGCAATA,SSXT-064
1,TCCGTTAA,GCCAAGCT,SSXT-065
1,GTGCAACG,TCCGTTAA,SSXT-066
1,AGTAACGC,GTGCAACG,SSXT-067
1,CATAGCCA,AGTAACGC,SSXT-068
1,CACTAGTA,CATAGCCA,SSXT-069
1,TTAGTGCG,CACTAGTA,SSXT-070
1,TCGATACA,TTAGTGCG,SSXT-071
1,ATAGTGAC,TCGATACA,SSXT-072
1,AACGCATT,ATAGTGAC,SSXT-073
1,CAGTTGCG,AACGCATT,SSXT-074
1,TGCCTCGA,CAGTTGCG,SSXT-075
1,AAGGCTTA,TGCCTCGA,SSXT-076
1,GCAATGAA,AAGGCTTA,SSXT-077
1,AAGAACCT,GCAATGAA,SSXT-078
1,CTGTGCCT,AAGAACCT,SSXT-079
1,TACGTAGC,CTGTGCCT,SSXT-080
1,AAGTGGAC,TACGTAGC,SSXT-081
1,CAACCGTG,AAGTGGAC,SSXT-082
1,CTGTTGTT,CAACCGTG,SSXT-083
1,GCACGATG,CTGTTGTT,SSXT-084
1,GTACGGAC,GCACGATG,SSXT-085
1,CTCCAAGC,GTACGGAC,SSXT-086
1,TAGTCTGA,CTCCAAGC,SSXT-087
1,TTCGCCGT,TAGTCTGA,SSXT-088
1,GAACTAAG,ATACGAAG,SSXT-089
1,AAGCCATC,GAGATTCA,SSXT-090
1,AACTCTTG,AAGCCATC,SSXT-091
1,GTAGTCAT,AACTCTTG,SSXT-092
1,CTCGCTAG,GTAGTCAT,SSXT-093
1,AGTCTTCA,CAGTATCA,SSXT-094
1,TCAAGCTA,CTTCGTAC,SSXT-095
1,CTTATCCT,TCAAGCTA,SSXT-096
1,CAACACAG,CTTCACAT,Swift-U001
1,ACACCTCA,CACCCAAA,Swift-U002
1,ACCATAGG,TCGAAGTG,Swift-U003
1,CAGGTAAG,TTGACTCT,Swift-U004
1,AACGCACA,TCTCGGTT,Swift-U005
1,TAGTCTCG,ATCACGTT,Swift-U006
1,CAGTCACA,AGCCAACT,Swift-U007
1,CCAACACT,CCACATTG,Swift-U008
1,ACATGCCA,TTGAGCTC,Swift-U009
1,ATTCCGCT,TGACCGTT,Swift-U010
1,CAAGGTAC,GCAACCAT,Swift-U011
1,CCATGAAC,CGCCTTAT,Swift-U012
1,TCAGCCTT,CTTGCTTC,Swift-U013
1,CAGTGCTT,CCGACAAG,Swift-U014
1,CTCGAACA,CACTCGAG,Swift-U015
1,ACAGTTCG,CTGTACGG,Swift-U016
1,ATCCTTCC,CATGAATG,Swift-U017
1,CGAAGTCA,CTATCATG,Swift-U018
1,CTCTATCG,CCACCGAT,Swift-U019
1,ACTCTCCA,CCTAGTAT,Swift-U020
1,TCCTCATG,CAAGACCT,Swift-U021
1,AACAACCG,CGCTTCCT,Swift-U022
1,CTCGTTCT,CCGTATCT,Swift-U023
1,TCAGTAGG,AGTCTGTA,Swift-U024
1,GCTTCACA,CACGTCGT,Swift-U025
1,CGATGTTT,CAATTGAT,Swift-U026
1,TTAGGCAT,ATATTGTA,Swift-U027
1,ACAGTGGT,ATAGCACG,Swift-U028
1,GCCAATGT,ACACATGT,Swift-U029
1,CAGATCTG,ATGTAATG,Swift-U030
1,ACTTGATG,AGTATCTG,Swift-U031
1,TAGCTTGT,ATGCTTGA,Swift-U032
1,TGGTTGTT,AACTGTAT,Swift-U033
1,TGTACCTT,CAGGCATT,Swift-U034
1,TCTGCTGT,AAGGCGAT,Swift-U035
1,TTGGAGGT,GCGTCGAA,Swift-U036
1,TCGAGCGT,GAACGACA,Swift-U037
1,TGATACGT,GGCAAGCA,Swift-U038
1,TGCATAGT,GTAACCGA,Swift-U039
1,TGCGATCT,GCTATGGA,Swift-U040
1,TTCCTGCT,GACACTTA,Swift-U041
1,TACAGGAT,GGTTGGAC,Swift-U042
1,TGTGGTTG,TCAGATTC,Swift-U043
1,TTCCATTG,TATGCCAG,Swift-U044
1,TAACGCTG,TGGCTCAG,Swift-U045
1,TTGGTATG,TCATTGAG,Swift-U046
1,TGAACTGG,TGTATGCG,Swift-U047
1,TACTTCGG,TCCAGTCG,Swift-U048
1,TCCAGTCG,TACTTCGG,Swift-U049
1,TGTATGCG,TGAACTGG,Swift-U050
1,TCATTGAG,TTGGTATG,Swift-U051
1,TGGCTCAG,TAACGCTG,Swift-U052
1,TATGCCAG,TTCCATTG,Swift-U053
1,TCAGATTC,TGTGGTTG,Swift-U054
1,GGTTGGAC,TACAGGAT,Swift-U055
1,GACACTTA,TTCCTGCT,Swift-U056
1,GCTATGGA,TGCGATCT,Swift-U057
1,GTAACCGA,TGCATAGT,Swift-U058
1,GGCAAGCA,TGATACGT,Swift-U059
1,GAACGACA,TCGAGCGT,Swift-U060
1,GCGTCGAA,TTGGAGGT,Swift-U061
1,AAGGCGAT,TCTGCTGT,Swift-U062
1,CAGGCATT,TGTACCTT,Swift-U063
1,AACTGTAT,TGGTTGTT,Swift-U064
1,ATGCTTGA,TAGCTTGT,Swift-U065
1,AGTATCTG,ACTTGATG,Swift-U066
1,ATGTAATG,CAGATCTG,Swift-U067
1,ACACATGT,GCCAATGT,Swift-U068
1,ATAGCACG,ACAGTGGT,Swift-U069
1,ATATTGTA,TTAGGCAT,Swift-U070
1,CAATTGAT,CGATGTTT,Swift-U071
1,CACGTCGT,GCTTCACA,Swift-U072
1,AGTCTGTA,TCAGTAGG,Swift-U073
1,CCGTATCT,CTCGTTCT,Swift-U074
1,CGCTTCCT,AACAACCG,Swift-U075
1,CAAGACCT,TCCTCATG,Swift-U076
1,CCTAGTAT,ACTCTCCA,Swift-U077
1,CCACCGAT,CTCTATCG,Swift-U078
1,CTATCATG,CGAAGTCA,Swift-U079
1,CATGAATG,ATCCTTCC,Swift-U080
1,CTGTACGG,ACAGTTCG,Swift-U081
1,CACTCGAG,CTCGAACA,Swift-U082
1,CCGACAAG,CAGTGCTT,Swift-U083
1,CTTGCTTC,TCAGCCTT,Swift-U084
1,CGCCTTAT,CCATGAAC,Swift-U085
1,GCAACCAT,CAAGGTAC,Swift-U086
1,TGACCGTT,ATTCCGCT,Swift-U087
1,TTGAGCTC,ACATGCCA,Swift-U088
1,CCACATTG,CCAACACT,Swift-U089
1,AGCCAACT,CAGTCACA,Swift-U090
1,ATCACGTT,TAGTCTCG,Swift-U091
1,TCTCGGTT,AACGCACA,Swift-U092
1,TTGACTCT,CAGGTAAG,Swift-U093
1,TCGAAGTG,ACCATAGG,Swift-U094
1,CACCCAAA,ACACCTCA,Swift-U095
1,CTTCACAT,CAACACAG,Swift-U096
2,CAAGGTGA,ATGGTTAG,SSXT-001
2,TAGACCAA,CAAGGTGA,SSXT-002
2,AGTCGCGA,TAGACCAA,SSXT-003
2,CGGTAGAG,AGTCGCGA,SSXT-004
2,TCAGCATC,AAGGAGCG,SSXT-005
2,AGAAGCAA,TCAGCATC,SSXT-006
2,GCAGGTTC,AGAAGCAA,SSXT-007
2,AAGTGTCT,GCAGGTTC,SSXT-008
2,CTACCGAA,AAGTGTCT,SSXT-009
2,TAGAGCTC,CTACCGAA,SSXT-010
2,ATGTCAAG,TAGAGCTC,SSXT-011
2,GCATCATA,ATGTCAAG,SSXT-012
2,GACTTGAC,GCATCATA,SSXT-013
2,CTACAATG,GACTTGAC,SSXT-014
2,TCTCAGCA,CTACAATG,SSXT-015
2,AGACACAC,TCTCAGCA,SSXT-016
2,CAGGTCTG,AGACACAC,SSXT-017
2,AATACGCG,CAGGTCTG,SSXT-018
2,GCACACAT,AATACGCG,SSXT-019
2,CTTGCATA,GCACACAT,SSXT-020
2,ATCCTCTT,CTTGCATA,SSXT-021
2,GCACCTAA,ATCCTCTT,SSXT-022
2,TGCTGCTC,GCACCTAA,SSXT-023
2,TGGCACCA,TGCTGCTC,SSXT-024
2,AGATGGAT,TGGCACCA,SSXT-025
2,GAATTGTG,AGATGGAT,SSXT-026
2,GAGCACTG,GAATTGTG,SSXT-027
2,GTTGCGGA,GAGCACTG,SSXT-028
2,AATGGAAC,GTTGCGGA,SSXT-029
2,TCAGAGGT,AATGGAAC,SSXT-030
2,GCAACAAT,TCAGAGGT,SSXT-031
2,GTCGATCG,GCAACAAT,SSXT-032
2,ATGGTAGC,GTCGATCG,SSXT-033
2,CGCCAATT,ATGGTAGC,SSXT-034
2,GACAATTG,CGCCAATT,SSXT-035
2,ATATTCCG,GACAATTG,SSXT-036
2,TCTACCTC,ATATTCCG,SSXT-037
2,TCGTCGTG,TCTACCTC,SSXT-038
2,ATGAGAAC,TCGTCGTG,SSXT-039
2,GTCCTATA,ATGAGAAC,SSXT-040
2,AATGACCA,GTCCTATA,SSXT-041
2,CAGACGCT,AATGACCA,SSXT-042
2,TCGAACTG,CAGACGCT,SSXT-043
2,CGCTTCCA,TCGAACTG,SSXT-044
2,TATTCCTG,CGCTTCCA,SSXT-045
2,CAAGTTAC,TATTCCTG,SSXT-046
2,CAGAGCAG,CAAGTTAC,SSXT-047
2,CGCGCAAT,CAGAGCAG,SSXT-048
2,TGAGGAGT,CGCGCAAT,SSXT-049
2,ATGACGAA,TGAGGAGT,SSXT-050
2,TACGGCGA,ATGACGAA,SSXT-051
2,AGCGAGTT,TACGGCGA,SSXT-052
2,TGTATCAC,AGCGAGTT,SSXT-053
2,GATCGCCT,TGTATCAC,SSXT-054
2,GACTCAAT,GATCGCCT,SSXT-055
2,CAGCTTGC,GACTCAAT,SSXT-056
2,AGCTGAAG,CAGCTTGC,SSXT-057
2,ATTCCGTG,AGCTGAAG,SSXT-058
2,TATGCCGC,ATTCCGTG,SSXT-059
2,TCAGCTCA,TATGCCGC,SSXT-060
2,AACTGCAA,TCAGCTCA,SSXT-061
2,ATTAGGAG,AACTGCAA,SSXT-062
2,CAGCAATA,ATTAGGAG,SSXT-063
2,GCCAAGCT,CAGCAATA,SSXT-064
2,TCCGTTAA,GCCAAGCT,SSXT-065
2,GTGCAACG,TCCGTTAA,SSXT-066
2,AGTAACGC,GTGCAACG,SSXT-067
2,CATAGCCA,AGTAACGC,SSXT-068
2,CACTAGTA,CATAGCCA,SSXT-069
2,TTAGTGCG,CACTAGTA,SSXT-070
2,TCGATACA,TTAGTGCG,SSXT-071
2,ATAGTGAC,TCGATACA,SSXT-072
2,AACGCATT,ATAGTGAC,SSXT-073
2,CAGTTGCG,AACGCATT,SSXT-074
2,TGCCTCGA,CAGTTGCG,SSXT-075
2,AAGGCTTA,TGCCTCGA,SSXT-076
2,GCAATGAA,AAGGCTTA,SSXT-077
2,AAGAACCT,GCAATGAA,SSXT-078
2,CTGTGCCT,AAGAACCT,SSXT-079
2,TACGTAGC,CTGTGCCT,SSXT-080
2,AAGTGGAC,TACGTAGC,SSXT-081
2,CAACCGTG,AAGTGGAC,SSXT-082
2,CTGTTGTT,CAACCGTG,SSXT-083
2,GCACGATG,CTGTTGTT,SSXT-084
2,GTACGGAC,GCACGATG,SSXT-085
2,CTCCAAGC,GTACGGAC,SSXT-086
2,TAGTCTGA,CTCCAAGC,SSXT-087
2,TTCGCCGT,TAGTCTGA,SSXT-088
2,GAACTAAG,ATACGAAG,SSXT-089
2,AAGCCATC,GAGATTCA,SSXT-090
2,AACTCTTG,AAGCCATC,SSXT-091
2,GTAGTCAT,AACTCTTG,SSXT-092
2,CTCGCTAG,GTAGTCAT,SSXT-093
2,AGTCTTCA,CAGTATCA,SSXT-094
2,TCAAGCTA,CTTCGTAC,SSXT-095
2,CTTATCCT,TCAAGCTA,SSXT-096
2,CAACACAG,CTTCACAT,Swift-U001
2,ACACCTCA,CACCCAAA,Swift-U002
2,ACCATAGG,TCGAAGTG,Swift-U003
2,CAGGTAAG,TTGACTCT,Swift-U004
2,AACGCACA,TCTCGGTT,Swift-U005
2,TAGTCTCG,ATCACGTT,Swift-U006
2,CAGTCACA,AGCCAACT,Swift-U007
2,CCAACACT,CCACATTG,Swift-U008
2,ACATGCCA,TTGAGCTC,Swift-U009
2,ATTCCGCT,TGACCGTT,Swift-U010
2,CAAGGTAC,GCAACCAT,Swift-U011
2,CCATGAAC,CGCCTTAT,Swift-U012
2,TCAGCCTT,CTTGCTTC,Swift-U013
2,CAGTGCTT,CCGACAAG,Swift-U014
2,CTCGAACA,CACTCGAG,Swift-U015
2,ACAGTTCG,CTGTACGG,Swift-U016
2,ATCCTTCC,CATGAATG,Swift-U017
2,CGAAGTCA,CTATCATG,Swift-U018
2,CTCTATCG,CCACCGAT,Swift-U019
2,ACTCTCCA,CCTAGTAT,Swift-U020
2,TCCTCATG,CAAGACCT,Swift-U021
2,AACAACCG,CGCTTCCT,Swift-U022
2,CTCGTTCT,CCGTATCT,Swift-U023
2,TCAGTAGG,AGTCTGTA,Swift-U024
2,GCTTCACA,CACGTCGT,Swift-U025
2,CGATGTTT,CAATTGAT,Swift-U026
2,TTAGGCAT,ATATTGTA,Swift-U027
2,ACAGTGGT,ATAGCACG,Swift-U028
2,GCCAATGT,ACACATGT,Swift-U029
2,CAGATCTG,ATGTAATG,Swift-U030
2,ACTTGATG,AGTATCTG,Swift-U031
2,TAGCTTGT,ATGCTTGA,Swift-U032
2,TGGTTGTT,AACTGTAT,Swift-U033
2,TGTACCTT,CAGGCATT,Swift-U034
2,TCTGCTGT,AAGGCGAT,Swift-U035
2,TTGGAGGT,GCGTCGAA,Swift-U036
2,TCGAGCGT,GAACGACA,Swift-U037
2,TGATACGT,GGCAAGCA,Swift-U038
2,TGCATAGT,GTAACCGA,Swift-U039
2,TGCGATCT,GCTATGGA,Swift-U040
2,TTCCTGCT,GACACTTA,Swift-U041
2,TACAGGAT,GGTTGGAC,Swift-U042
2,TGTGGTTG,TCAGATTC,Swift-U043
2,TTCCATTG,TATGCCAG,Swift-U044
2,TAACGCTG,TGGCTCAG,Swift-U045
2,TTGGTATG,TCATTGAG,Swift-U046
2,TGAACTGG,TGTATGCG,Swift-U047
2,TACTTCGG,TCCAGTCG,Swift-U048
2,TCCAGTCG,TACTTCGG,Swift-U049
2,TGTATGCG,TGAACTGG,Swift-U050
2,TCATTGAG,TTGGTATG,Swift-U051
2,TGGCTCAG,TAACGCTG,Swift-U052
2,TATGCCAG,TTCCATTG,Swift-U053
2,TCAGATTC,TGTGGTTG,Swift-U054
2,GGTTGGAC,TACAGGAT,Swift-U055
2,GACACTTA,TTCCTGCT,Swift-U056
2,GCTATGGA,TGCGATCT,Swift-U057
2,GTAACCGA,TGCATAGT,Swift-U058
2,GGCAAGCA,TGATACGT,Swift-U059
2,GAACGACA,TCGAGCGT,Swift-U060
2,GCGTCGAA,TTGGAGGT,Swift-U061
2,AAGGCGAT,TCTGCTGT,Swift-U062
2,CAGGCATT,TGTACCTT,Swift-U063
2,AACTGTAT,TGGTTGTT,Swift-U064
2,ATGCTTGA,TAGCTTGT,Swift-U065
2,AGTATCTG,ACTTGATG,Swift-U066
2,ATGTAATG,CAGATCTG,Swift-U067
2,ACACATGT,GCCAATGT,Swift-U068
2,ATAGCACG,ACAGTGGT,Swift-U069
2,ATATTGTA,TTAGGCAT,Swift-U070
2,CAATTGAT,CGATGTTT,Swift-U071
2,CACGTCGT,GCTTCACA,Swift-U072
2,AGTCTGTA,TCAGTAGG,Swift-U073
2,CCGTATCT,CTCGTTCT,Swift-U074
2,CGCTTCCT,AACAACCG,Swift-U075
2,CAAGACCT,TCCTCATG,Swift-U076
2,CCTAGTAT,ACTCTCCA,Swift-U077
2,CCACCGAT,CTCTATCG,Swift-U078
2,CTATCATG,CGAAGTCA,Swift-U079
2,CATGAATG,ATCCTTCC,Swift-U080
2,CTGTACGG,ACAGTTCG,Swift-U081
2,CACTCGAG,CTCGAACA,Swift-U082
2,CCGACAAG,CAGTGCTT,Swift-U083
2,CTTGCTTC,TCAGCCTT,Swift-U084
2,CGCCTTAT,CCATGAAC,Swift-U085
2,GCAACCAT,CAAGGTAC,Swift-U086
2,TGACCGTT,ATTCCGCT,Swift-U087
2,TTGAGCTC,ACATGCCA,Swift-U088
2,CCACATTG,CCAACACT,Swift-U089
2,AGCCAACT,CAGTCACA,Swift-U090
2,ATCACGTT,TAGTCTCG,Swift-U091
2,TCTCGGTT,AACGCACA,Swift-U092
2,TTGACTCT,CAGGTAAG,Swift-U093
2,TCGAAGTG,ACCATAGG,Swift-U094
2,CACCCAAA,ACACCTCA,Swift-U095
2,CTTCACAT,CAACACAG,Swift-U096
1,CTGATCGT,ATATGCGC,xGen-A1
1,ACTCTCGA,TGGTACAG,xGen-B1
1,TGAGCTAG,AACCGTTC,xGen-C1
1,GAGACGAT,TAACCGGT,xGen-D1
1,CTTGTCGA,GAACATCG,xGen-E1
1,TTCCAAGG,CCTTGTAG,xGen-F1
1,CGCATGAT,TCAGGCTT,xGen-G1
1,ACGGAACA,GTTCTCGT,xGen-H1
1,CGGCTAAT,AGAACGAG,xGen-A2
1,ATCGATCG,TGCTTCCA,xGen-B2
1,GCAAGATC,CTTCGACT,xGen-C2
1,GCTATCCT,CACCTGTT,xGen-D2
1,TACGCTAC,ATCACACG,xGen-E2
1,TGGACTCT,CCGTAAGA,xGen-F2
1,AGAGTAGC,TACGCCTT,xGen-G2
1,ATCCAGAG,CGACGTTA,xGen-H2
1,GACGATCT,ATGCACGA,xGen-A3
1,AACTGAGC,CCTGATTG,xGen-B3
1,CTTAGGAC,GTAGGAGT,xGen-C3
1,GTGCCATA,ACTAGGAG,xGen-D3
1,GAATCCGA,CACTAGCT,xGen-E3
1,TCGCTGTT,ACGACTTG,xGen-F3
1,TTCGTTGG,CGTGTGTA,xGen-G3
1,AAGCACTG,GTTGACCT,xGen-H3
1,CCTTGATC,ACTCCATC,xGen-A4
1,GTCGAAGA,CAATGTGG,xGen-B4
1,ACCACGAT,TTGCAGAC,xGen-C4
1,GATTACCG,CAGTCCAA,xGen-D4
1,GCACAACT,ACGTTCAG,xGen-E4
1,GCGTCATT,AACGTCTG,xGen-F4
1,ATCCGGTA,TATCGGTC,xGen-G4
1,CGTTGCAA,CGCTCTAT,xGen-H4
1,GTGAAGTG,GATTGCTC,xGen-A5
1,CATGGCTA,GATGTGTG,xGen-B5
1,ATGCCTGT,CGCAATCT,xGen-C5
1,CAACACCT,TGGTAGCT,xGen-D5
1,TGTGACTG,GATAGGCT,xGen-E5
1,GTCATCGA,AGTGGATC,xGen-F5
1,AGCACTTC,TTGGACGT,xGen-G5
1,GAAGGAAG,ATGACGTC,xGen-H5
1,GTTGTTCG,GAAGTTGG,xGen-A6
1,CGGTTGTT,CATACCAC,xGen-B6
1,ACTGAGGT,CTGTTGAC,xGen-C6
1,TGAAGACG,TGGCATGT,xGen-D6
1,GTTACGCA,ATCGCCAT,xGen-E6
1,AGCGTGTT,TTGCGAAG,xGen-F6
1,GATCGAGT,AGTTCGTC,xGen-G6
1,ACAGCTCA,GAGCAGTA,xGen-H6
1,GAGCAGTA,ACAGCTCA,xGen-A7
1,AGTTCGTC,GATCGAGT,xGen-B7
1,TTGCGAAG,AGCGTGTT,xGen-C7
1,ATCGCCAT,GTTACGCA,xGen-D7
1,TGGCATGT,TGAAGACG,xGen-E7
1,CTGTTGAC,ACTGAGGT,xGen-F7
1,CATACCAC,CGGTTGTT,xGen-G7
1,GAAGTTGG,GTTGTTCG,xGen-H7
1,ATGACGTC,GAAGGAAG,xGen-A8
1,TTGGACGT,AGCACTTC,xGen-B8
1,AGTGGATC,GTCATCGA,xGen-C8
1,GATAGGCT,TGTGACTG,xGen-D8
1,TGGTAGCT,CAACACCT,xGen-E8
1,CGCAATCT,ATGCCTGT,xGen-F8
1,GATGTGTG,CATGGCTA,xGen-G8
1,GATTGCTC,GTGAAGTG,xGen-H8
1,CGCTCTAT,CGTTGCAA,xGen-A9
1,TATCGGTC,ATCCGGTA,xGen-B9
1,AACGTCTG,GCGTCATT,xGen-C9
1,ACGTTCAG,GCACAACT,xGen-D9
1,CAGTCCAA,GATTACCG,xGen-E9
1,TTGCAGAC,ACCACGAT,xGen-F9
1,CAATGTGG,GTCGAAGA,xGen-G9
1,ACTCCATC,CCTTGATC,xGen-H9
1,GTTGACCT,AAGCACTG,xGen-A10
1,CGTGTGTA,TTCGTTGG,xGen-B10
1,ACGACTTG,TCGCTGTT,xGen-C10
1,CACTAGCT,GAATCCGA,xGen-D10
1,ACTAGGAG,GTGCCATA,xGen-E10
1,GTAGGAGT,CTTAGGAC,xGen-F10
1,CCTGATTG,AACTGAGC,xGen-G10
1,ATGCACGA,GACGATCT,xGen-H10
1,CGACGTTA,ATCCAGAG,xGen-A11
1,TACGCCTT,AGAGTAGC,xGen-B11
1,CCGTAAGA,TGGACTCT,xGen-C11
1,ATCACACG,TACGCTAC,xGen-D11
1,CACCTGTT,GCTATCCT,xGen-E11
1,CTTCGACT,GCAAGATC,xGen-F11
1,TGCTTCCA,ATCGATCG,xGen-G11
1,AGAACGAG,CGGCTAAT,xGen-H11
1,GTTCTCGT,ACGGAACA,xGen-A12
1,TCAGGCTT,CGCATGAT,xGen-B12
1,CCTTGTAG,TTCCAAGG,xGen-C12
1,GAACATCG,CTTGTCGA,xGen-D12
1,TAACCGGT,GAGACGAT,xGen-E12
1,AACCGTTC,TGAGCTAG,xGen-F12
1,TGGTACAG,ACTCTCGA,xGen-G12
1,ATATGCGC,CTGATCGT,xGen-H12
2,CTGATCGT,ATATGCGC,xGen-A1
2,ACTCTCGA,TGGTACAG,xGen-B1
2,TGAGCTAG,AACCGTTC,xGen-C1
2,GAGACGAT,TAACCGGT,xGen-D1
2,CTTGTCGA,GAACATCG,xGen-E1
2,TTCCAAGG,CCTTGTAG,xGen-F1
2,CGCATGAT,TCAGGCTT,xGen-G1
2,ACGGAACA,GTTCTCGT,xGen-H1
2,CGGCTAAT,AGAACGAG,xGen-A2
2,ATCGATCG,TGCTTCCA,xGen-B2
2,GCAAGATC,CTTCGACT,xGen-C2
2,GCTATCCT,CACCTGTT,xGen-D2
2,TACGCTAC,ATCACACG,xGen-E2
2,TGGACTCT,CCGTAAGA,xGen-F2
2,AGAGTAGC,TACGCCTT,xGen-G2
2,ATCCAGAG,CGACGTTA,xGen-H2
2,GACGATCT,ATGCACGA,xGen-A3
2,AACTGAGC,CCTGATTG,xGen-B3
2,CTTAGGAC,GTAGGAGT,xGen-C3
2,GTGCCATA,ACTAGGAG,xGen-D3
2,GAATCCGA,CACTAGCT,xGen-E3
2,TCGCTGTT,ACGACTTG,xGen-F3
2,TTCGTTGG,CGTGTGTA,xGen-G3
2,AAGCACTG,GTTGACCT,xGen-H3
2,CCTTGATC,ACTCCATC,xGen-A4
2,GTCGAAGA,CAATGTGG,xGen-B4
2,ACCACGAT,TTGCAGAC,xGen-C4
2,GATTACCG,CAGTCCAA,xGen-D4
2,GCACAACT,ACGTTCAG,xGen-E4
2,GCGTCATT,AACGTCTG,xGen-F4
2,ATCCGGTA,TATCGGTC,xGen-G4
2,CGTTGCAA,CGCTCTAT,xGen-H4
2,GTGAAGTG,GATTGCTC,xGen-A5
2,CATGGCTA,GATGTGTG,xGen-B5
2,ATGCCTGT,CGCAATCT,xGen-C5
2,CAACACCT,TGGTAGCT,xGen-D5
2,TGTGACTG,GATAGGCT,xGen-E5
2,GTCATCGA,AGTGGATC,xGen-F5
2,AGCACTTC,TTGGACGT,xGen-G5
2,GAAGGAAG,ATGACGTC,xGen-H5
2,GTTGTTCG,GAAGTTGG,xGen-A6
2,CGGTTGTT,CATACCAC,xGen-B6
2,ACTGAGGT,CTGTTGAC,xGen-C6
2,TGAAGACG,TGGCATGT,xGen-D6
2,GTTACGCA,ATCGCCAT,xGen-E6
2,AGCGTGTT,TTGCGAAG,xGen-F6
2,GATCGAGT,AGTTCGTC,xGen-G6
2,ACAGCTCA,GAGCAGTA,xGen-H6
2,GAGCAGTA,ACAGCTCA,xGen-A7
2,AGTTCGTC,GATCGAGT,xGen-B7
2,TTGCGAAG,AGCGTGTT,xGen-C7
2,ATCGCCAT,GTTACGCA,xGen-D7
2,TGGCATGT,TGAAGACG,xGen-E7
2,CTGTTGAC,ACTGAGGT,xGen-F7
2,CATACCAC,CGGTTGTT,xGen-G7
2,GAAGTTGG,GTTGTTCG,xGen-H7
2,ATGACGTC,GAAGGAAG,xGen-A8
2,TTGGACGT,AGCACTTC,xGen-B8
2,AGTGGATC,GTCATCGA,xGen-C8
2,GATAGGCT,TGTGACTG,xGen-D8
2,TGGTAGCT,CAACACCT,xGen-E8
2,CGCAATCT,ATGCCTGT,xGen-F8
2,GATGTGTG,CATGGCTA,xGen-G8
2,GATTGCTC,GTGAAGTG,xGen-H8
2,CGCTCTAT,CGTTGCAA,xGen-A9
2,TATCGGTC,ATCCGGTA,xGen-B9
2,AACGTCTG,GCGTCATT,xGen-C9
2,ACGTTCAG,GCACAACT,xGen-D9
2,CAGTCCAA,GATTACCG,xGen-E9
2,TTGCAGAC,ACCACGAT,xGen-F9
2,CAATGTGG,GTCGAAGA,xGen-G9
2,ACTCCATC,CCTTGATC,xGen-H9
2,GTTGACCT,AAGCACTG,xGen-A10
2,CGTGTGTA,TTCGTTGG,xGen-B10
2,ACGACTTG,TCGCTGTT,xGen-C10
2,CACTAGCT,GAATCCGA,xGen-D10
2,ACTAGGAG,GTGCCATA,xGen-E10
2,GTAGGAGT,CTTAGGAC,xGen-F10
2,CCTGATTG,AACTGAGC,xGen-G10
2,ATGCACGA,GACGATCT,xGen-H10
2,CGACGTTA,ATCCAGAG,xGen-A11
2,TACGCCTT,AGAGTAGC,xGen-B11
2,CCGTAAGA,TGGACTCT,xGen-C11
2,ATCACACG,TACGCTAC,xGen-D11
2,CACCTGTT,GCTATCCT,xGen-E11
2,CTTCGACT,GCAAGATC,xGen-F11
2,TGCTTCCA,ATCGATCG,xGen-G11
2,AGAACGAG,CGGCTAAT,xGen-H11
2,GTTCTCGT,ACGGAACA,xGen-A12
2,TCAGGCTT,CGCATGAT,xGen-B12
2,CCTTGTAG,TTCCAAGG,xGen-C12
2,GAACATCG,CTTGTCGA,xGen-D12
2,TAACCGGT,GAGACGAT,xGen-E12
2,AACCGTTC,TGAGCTAG,xGen-F12
2,TGGTACAG,ACTCTCGA,xGen-G12
2,ATATGCGC,CTGATCGT,xGen-H12
1,AGTTTCGA,ATCGTAGG,NEB8-A01
1,GAACCTCT,GCGCAGAC,NEB8-B01
1,GCCCAGTG,AATTGCGG,NEB8-C01
1,TGACAGCT,CCTACGGG,NEB8-D01
1,CATCACCC,TGCTATAT,NEB8-E01
1,CTGGAGTA,AACCGAAC,NEB8-F01
1,GATCCGGG,ACCTGCTT,NEB8-G01
1,AACACCTG,CCCATGCG,NEB8-H01
1,GTGACGTT,ATCTGGGA,NEB8-A02
1,ACAGGAAA,TAGACAAT,NEB8-B02
1,GTGCTCTG,TTCTTCCT,NEB8-C02
1,GTACCTGG,CACCTAAA,NEB8-D02
1,AGCGCAAA,GTACTCGC,NEB8-E02
1,AACGCCCT,TAACCAGT,NEB8-F02
1,GCGTACGG,CGGAAACT,NEB8-G02
1,GCCAGATT,GCTGAGAA,NEB8-H02
1,ATAGCAGA,ATGTCTTA,NEB8-A03
1,GAGATGAT,TCACGCCT,NEB8-B03
1,GCCCGTCT,GCAACAGC,NEB8-C03
1,TTCGCCTG,ATCGTCTC,NEB8-D03
1,CTAGCTCC,CCTTGTGA,NEB8-E03
1,TATGCCGG,CTCACCAT,NEB8-F03
1,AATGTTGG,CAAATTCT,NEB8-G03
1,ATCGGATA,CTCCTCAC,NEB8-H03
1,ATAGTGAC,ATGTGCAA,NEB8-A04
1,GCTCCCTG,GCAAATGT,NEB8-B04
1,AGTCAATT,ACGCATGG,NEB8-C04
1,AATACGCT,ACACCACC,NEB8-D04
1,AACTTCGT,CACGCTGA,NEB8-E04
1,GAACTGCC,TCCCAGCC,NEB8-F04
1,AGCATTGT,CTATTCGT,NEB8-G04
1,GACCAGGA,GAGCCATT,NEB8-H04
1,ACAGCATT,ATTAATCG,NEB8-A05
1,GTTCTGCA,GAAGGAGC,NEB8-B05
1,CTGTCCGG,GATTACAA,NEB8-C05
1,GTCAAGCG,ATTTGAAG,NEB8-D05
1,TTCGCTCA,ACTTGCCA,NEB8-E05
1,TCTTAGTT,AGGAATTG,NEB8-F05
1,ACCACTCG,CTATTACA,NEB8-G05
1,AGAACGAT,TAGGGACC,NEB8-H05
1,ATCCCGTA,AGAAGACC,NEB8-A06
1,GCTGGACG,CGTAACAG,NEB8-B06
1,TGATTGAT,ACCCATAA,NEB8-C06
1,CCCAAATG,CACCATTG,NEB8-D06
1,ATTCGCAT,TTAGCTAT,NEB8-E06
1,CGTCAAGA,AACAACCC,NEB8-F06
1,CTTCGACC,GTTACTGT,NEB8-G06
1,CAGACGAC,CCGAGCAC,NEB8-H06
1,ATCGTAGG,AGTTTCGA,NEB8-A07
1,GCGCAGAC,GAACCTCT,NEB8-B07
1,AATTGCGG,GCCCAGTG,NEB8-C07
1,CCTACGGG,TGACAGCT,NEB8-D07
1,TGCTATAT,CATCACCC,NEB8-E07
1,AACCGAAC,CTGGAGTA,NEB8-F07
1,ACCTGCTT,GATCCGGG,NEB8-G07
1,CCCATGCG,AACACCTG,NEB8-H07
1,ATCTGGGA,GTGACGTT,NEB8-A08
1,TAGACAAT,ACAGGAAA,NEB8-B08
1,TTCTTCCT,GTGCTCTG,NEB8-C08
1,CACCTAAA,GTACCTGG,NEB8-D08
1,GTACTCGC,AGCGCAAA,NEB8-E08
1,TAACCAGT,AACGCCCT,NEB8-F08
1,CGGAAACT,GCGTACGG,NEB8-G08
1,GCTGAGAA,GCCAGATT,NEB8-H08
1,ATGTCTTA,ATAGCAGA,NEB8-A09
1,TCACGCCT,GAGATGAT,NEB8-B09
1,GCAACAGC,GCCCGTCT,NEB8-C09
1,ATCGTCTC,TTCGCCTG,NEB8-D09
1,CCTTGTGA,CTAGCTCC,NEB8-E09
1,CTCACCAT,TATGCCGG,NEB8-F09
1,CAAATTCT,AATGTTGG,NEB8-G09
1,CTCCTCAC,ATCGGATA,NEB8-H09
1,ATGTGCAA,ATAGTGAC,NEB8-A10
1,GCAAATGT,GCTCCCTG,NEB8-B10
1,ACGCATGG,AGTCAATT,NEB8-C10
1,ACACCACC,AATACGCT,NEB8-D10
1,CACGCTGA,AACTTCGT,NEB8-E10
1,TCCCAGCC,GAACTGCC,NEB8-F10
1,CTATTCGT,AGCATTGT,NEB8-G10
1,GAGCCATT,GACCAGGA,NEB8-H10
1,ATTAATCG,ACAGCATT,NEB8-A11
1,GAAGGAGC,GTTCTGCA,NEB8-B11
1,GATTACAA,CTGTCCGG,NEB8-C11
1,ATTTGAAG,GTCAAGCG,NEB8-D11
1,ACTTGCCA,TTCGCTCA,NEB8-E11
1,AGGAATTG,TCTTAGTT,NEB8-F11
1,CTATTACA,ACCACTCG,NEB8-G11
1,TAGGGACC,AGAACGAT,NEB8-H11
1,AGAAGACC,ATCCCGTA,NEB8-A12
1,CGTAACAG,GCTGGACG,NEB8-B12
1,ACCCATAA,TGATTGAT,NEB8-C12
1,CACCATTG,CCCAAATG,NEB8-D12
1,TTAGCTAT,ATTCGCAT,NEB8-E12
1,AACAACCC,CGTCAAGA,NEB8-F12
1,GTTACTGT,CTTCGACC,NEB8-G12
1,CCGAGCAC,CAGACGAC,NEB8-H12
2,AGTTTCGA,ATCGTAGG,NEB8-A01
2,GAACCTCT,GCGCAGAC,NEB8-B01
2,GCCCAGTG,AATTGCGG,NEB8-C01
2,TGACAGCT,CCTACGGG,NEB8-D01
2,CATCACCC,TGCTATAT,NEB8-E01
2,CTGGAGTA,AACCGAAC,NEB8-F01
2,GATCCGGG,ACCTGCTT,NEB8-G01
2,AACACCTG,CCCATGCG,NEB8-H01
2,GTGACGTT,ATCTGGGA,NEB8-A02
2,ACAGGAAA,TAGACAAT,NEB8-B02
2,GTGCTCTG,TTCTTCCT,NEB8-C02
2,GTACCTGG,CACCTAAA,NEB8-D02
2,AGCGCAAA,GTACTCGC,NEB8-E02
2,AACGCCCT,TAACCAGT,NEB8-F02
2,GCGTACGG,CGGAAACT,NEB8-G02
2,GCCAGATT,GCTGAGAA,NEB8-H02
2,ATAGCAGA,ATGTCTTA,NEB8-A03
2,GAGATGAT,TCACGCCT,NEB8-B03
2,GCCCGTCT,GCAACAGC,NEB8-C03
2,TTCGCCTG,ATCGTCTC,NEB8-D03
2,CTAGCTCC,CCTTGTGA,NEB8-E03
2,TATGCCGG,CTCACCAT,NEB8-F03
2,AATGTTGG,CAAATTCT,NEB8-G03
2,ATCGGATA,CTCCTCAC,NEB8-H03
2,ATAGTGAC,ATGTGCAA,NEB8-A04
2,GCTCCCTG,GCAAATGT,NEB8-B04
2,AGTCAATT,ACGCATGG,NEB8-C04
2,AATACGCT,ACACCACC,NEB8-D04
2,AACTTCGT,CACGCTGA,NEB8-E04
2,GAACTGCC,TCCCAGCC,NEB8-F04
2,AGCATTGT,CTATTCGT,NEB8-G04
2,GACCAGGA,GAGCCATT,NEB8-H04
2,ACAGCATT,ATTAATCG,NEB8-A05
2,GTTCTGCA,GAAGGAGC,NEB8-B05
2,CTGTCCGG,GATTACAA,NEB8-C05
2,GTCAAGCG,ATTTGAAG,NEB8-D05
2,TTCGCTCA,ACTTGCCA,NEB8-E05
2,TCTTAGTT,AGGAATTG,NEB8-F05
2,ACCACTCG,CTATTACA,NEB8-G05
2,AGAACGAT,TAGGGACC,NEB8-H05
2,ATCCCGTA,AGAAGACC,NEB8-A06
2,GCTGGACG,CGTAACAG,NEB8-B06
2,TGATTGAT,ACCCATAA,NEB8-C06
2,CCCAAATG,CACCATTG,NEB8-D06
2,ATTCGCAT,TTAGCTAT,NEB8-E06
2,CGTCAAGA,AACAACCC,NEB8-F06
2,CTTCGACC,GTTACTGT,NEB8-G06
2,CAGACGAC,CCGAGCAC,NEB8-H06
2,ATCGTAGG,AGTTTCGA,NEB8-A07
2,GCGCAGAC,GAACCTCT,NEB8-B07
2,AATTGCGG,GCCCAGTG,NEB8-C07
2,CCTACGGG,TGACAGCT,NEB8-D07
2,TGCTATAT,CATCACCC,NEB8-E07
2,AACCGAAC,CTGGAGTA,NEB8-F07
2,ACCTGCTT,GATCCGGG,NEB8-G07
2,CCCATGCG,AACACCTG,NEB8-H07
2,ATCTGGGA,GTGACGTT,NEB8-A08
2,TAGACAAT,ACAGGAAA,NEB8-B08
2,TTCTTCCT,GTGCTCTG,NEB8-C08
2,CACCTAAA,GTACCTGG,NEB8-D08
2,GTACTCGC,AGCGCAAA,NEB8-E08
2,TAACCAGT,AACGCCCT,NEB8-F08
2,CGGAAACT,GCGTACGG,NEB8-G08
2,GCTGAGAA,GCCAGATT,NEB8-H08
2,ATGTCTTA,ATAGCAGA,NEB8-A09
2,TCACGCCT,GAGATGAT,NEB8-B09
2,GCAACAGC,GCCCGTCT,NEB8-C09
2,ATCGTCTC,TTCGCCTG,NEB8-D09
2,CCTTGTGA,CTAGCTCC,NEB8-E09
2,CTCACCAT,TATGCCGG,NEB8-F09
2,CAAATTCT,AATGTTGG,NEB8-G09
2,CTCCTCAC,ATCGGATA,NEB8-H09
2,ATGTGCAA,ATAGTGAC,NEB8-A10
2,GCAAATGT,GCTCCCTG,NEB8-B10
2,ACGCATGG,AGTCAATT,NEB8-C10
2,ACACCACC,AATACGCT,NEB8-D10
2,CACGCTGA,AACTTCGT,NEB8-E10
2,TCCCAGCC,GAACTGCC,NEB8-F10
2,CTATTCGT,AGCATTGT,NEB8-G10
2,GAGCCATT,GACCAGGA,NEB8-H10
2,ATTAATCG,ACAGCATT,NEB8-A11
2,GAAGGAGC,GTTCTGCA,NEB8-B11
2,GATTACAA,CTGTCCGG,NEB8-C11
2,ATTTGAAG,GTCAAGCG,NEB8-D11
2,ACTTGCCA,TTCGCTCA,NEB8-E11
2,AGGAATTG,TCTTAGTT,NEB8-F11
2,CTATTACA,ACCACTCG,NEB8-G11
2,TAGGGACC,AGAACGAT,NEB8-H11
2,AGAAGACC,ATCCCGTA,NEB8-A12
2,CGTAACAG,GCTGGACG,NEB8-B12
2,ACCCATAA,TGATTGAT,NEB8-C12
2,CACCATTG,CCCAAATG,NEB8-D12
2,TTAGCTAT,ATTCGCAT,NEB8-E12
2,AACAACCC,CGTCAAGA,NEB8-F12
2,GTTACTGT,CTTCGACC,NEB8-G12
2,CCGAGCAC,CAGACGAC,NEB8-H12
